{"is_source_file": false, "format": "", "description": "", "external_files": [], "external_methods": [], "published": [], "classes": [], "methods": [], "calls": [], "search-terms": [], "state": 2, "file_id": 11, "knowledge_revision": 17, "git_revision": "16130c989ed861bb63a1a711b529aab22a8b97b4", "hash": "ebece526bc2eadd78ddd787a76c56607", "format-version": 4, "code-base-name": "react_frontend", "filename": "react_frontend/README.md", "revision_history": [{"17": "16130c989ed861bb63a1a711b529aab22a8b97b4"}]}