{"is_source_file": true, "format": "JavaScript (ES Module)", "description": "ESLint configuration module that sets up linting rules, parser options, and plugins for JavaScript and React files in the project.", "external_files": ["@eslint/js", "eslint-plugin-react"], "external_methods": [], "published": [], "classes": [], "methods": [], "calls": ["pluginJs", "pluginReact", "pluginJs.configs.recommended"], "search-terms": ["eslint", "eslint-config", "react plugin", "parserOptions", "rules", "jsx", "configuration"], "state": 2, "file_id": 10, "knowledge_revision": 21, "git_revision": "16130c989ed861bb63a1a711b529aab22a8b97b4", "hash": "be6538e7523bc2e9da0743133d784136", "format-version": 4, "code-base-name": "react_frontend", "filename": "react_frontend/eslint.config.mjs", "revision_history": [{"21": "16130c989ed861bb63a1a711b529aab22a8b97b4"}]}