{"is_source_file": false, "format": "", "description": "", "external_files": [], "external_methods": [], "published": [], "classes": [], "methods": [], "calls": [], "search-terms": [], "state": 2, "file_id": 3, "knowledge_revision": 14, "git_revision": "16130c989ed861bb63a1a711b529aab22a8b97b4", "hash": "22f9e17cc1848b56dbb244518ac2707e", "format-version": 4, "code-base-name": "react_frontend", "filename": "react_frontend/src/App.css", "revision_history": [{"14": "16130c989ed861bb63a1a711b529aab22a8b97b4"}]}