{"is_source_file": true, "format": "JavaScript", "description": "This file defines a React functional component named 'App' which manages a theme state ('light' or 'dark') and provides a toggle button to switch themes. It also includes UI elements such as a logo, informational text, and a link to React documentation.", "external_files": ["./logo.svg", "./App.css"], "external_methods": ["React.useState", "React.useEffect"], "published": ["App"], "classes": [], "methods": [{"name": "App()", "description": "Main React functional component that renders the theme toggle UI and manages theme state.", "scope": "", "scopeKind": ""}, {"name": "toggleTheme", "description": "Function to switch the theme between 'light' and 'dark'."}], "calls": ["document.documentElement.setAttribute", "setTheme", "toggleTheme"], "search-terms": ["React functional component", "theme toggle", "useState", "useEffect", "App.js", "React logo"], "state": 2, "file_id": 1, "knowledge_revision": 24, "git_revision": "16130c989ed861bb63a1a711b529aab22a8b97b4", "ctags": [{"_type": "tag", "name": "App", "path": "/home/kavia/workspace/code-generation/gxp-data-publishing-platform-312875-312886/react_frontend/src/App.js", "pattern": "/^function App() {$/", "language": "JavaScript", "kind": "function", "signature": "()"}, {"_type": "tag", "name": "Switch to ${theme === 'light' ? 'dark' : 'light'} mode", "path": "/home/kavia/workspace/code-generation/gxp-data-publishing-platform-312875-312886/react_frontend/src/App.js", "pattern": "/^          aria-label={`Switch to ${theme === 'light' ? 'dark' : 'light'} mode`}$/", "language": "JavaScript", "kind": "field", "scope": "App.aria", "scopeKind": "class"}, {"_type": "tag", "name": "toggleTheme", "path": "/home/kavia/workspace/code-generation/gxp-data-publishing-platform-312875-312886/react_frontend/src/App.js", "pattern": "/^          onClick={toggleTheme}$/", "language": "JavaScript", "kind": "field", "scope": "App.onClick", "scopeKind": "class"}], "hash": "b55dd9e6a018e59207d8e277dffd9e11", "format-version": 4, "code-base-name": "react_frontend", "filename": "react_frontend/src/App.js", "fields": [{"name": "aria-label={`Switch to ${theme === 'light' ? 'dark' : 'light'} mode`}", "scope": "App.aria", "scopeKind": "class", "description": "unavailable"}, {"name": "onClick={toggleTheme}", "scope": "App.onClick", "scopeKind": "class", "description": "unavailable"}], "revision_history": [{"24": "16130c989ed861bb63a1a711b529aab22a8b97b4"}]}