{"is_source_file": true, "format": "JavaScript (React JSX)", "description": "This file is the entry point for a React application, initializing and rendering the main App component into the DOM.", "external_files": ["react", "react-dom/client", "./index.css", "./App"], "external_methods": ["ReactDOM.createRoot", "root.render"], "published": [], "classes": [], "methods": [{"name": "ReactDOM.createRoot", "description": "Creates a root to manage rendering of React components into a DOM node."}, {"name": "root.render", "description": "Renders React components into the DOM managed by the root."}], "calls": ["ReactDOM.createRoot", "root.render", "<React.StrictMode>", "<App />"], "search-terms": ["react", "react-dom", "entry point", "main rendering", "index.js"], "state": 2, "file_id": 5, "knowledge_revision": 22, "git_revision": "16130c989ed861bb63a1a711b529aab22a8b97b4", "ctags": [{"_type": "tag", "name": "root", "path": "/home/kavia/workspace/code-generation/gxp-data-publishing-platform-312875-312886/react_frontend/src/index.js", "pattern": "/^const root = ReactDOM.createRoot(document.getElementById('root'));$/", "language": "JavaScript", "kind": "constant"}], "hash": "9fc5841375336fc175b49f8767a11383", "format-version": 4, "code-base-name": "react_frontend", "filename": "react_frontend/src/index.js", "revision_history": [{"22": "16130c989ed861bb63a1a711b529aab22a8b97b4"}]}