{"is_source_file": false, "format": "", "description": "", "external_files": [], "external_methods": [], "published": [], "classes": [], "methods": [], "calls": [], "search-terms": [], "state": 2, "file_id": 4, "knowledge_revision": 16, "git_revision": "16130c989ed861bb63a1a711b529aab22a8b97b4", "hash": "6c2104b8d219ed99234ae2d6329f4357", "format-version": 4, "code-base-name": "react_frontend", "filename": "react_frontend/src/index.css", "revision_history": [{"16": "16130c989ed861bb63a1a711b529aab22a8b97b4"}]}