{"is_source_file": false, "format": "", "description": "", "external_files": [], "external_methods": [], "published": [], "classes": [], "methods": [], "calls": [], "search-terms": [], "state": 2, "file_id": 9, "knowledge_revision": 20, "git_revision": "16130c989ed861bb63a1a711b529aab22a8b97b4", "hash": "d2b40d02d5f7873d8a6713bad837edd4", "format-version": 4, "code-base-name": "react_frontend", "filename": "react_frontend/public/index.html", "revision_history": [{"20": "16130c989ed861bb63a1a711b529aab22a8b97b4"}]}