{"is_source_file": false, "format": "", "description": "", "external_files": [], "external_methods": [], "published": [], "classes": [], "methods": [], "calls": [], "search-terms": [], "state": 2, "file_id": 8, "knowledge_revision": 18, "git_revision": "16130c989ed861bb63a1a711b529aab22a8b97b4", "hash": "d9d975cebe2ec20b6c652e1e4c12ccf0", "format-version": 4, "code-base-name": "react_frontend", "filename": "react_frontend/public/manifest.json", "revision_history": [{"18": "16130c989ed861bb63a1a711b529aab22a8b97b4"}]}