{"is_source_file": false, "format": "", "description": "", "external_files": [], "external_methods": [], "published": [], "classes": [], "methods": [], "calls": [], "search-terms": [], "state": 2, "file_id": 7, "knowledge_revision": 15, "git_revision": "16130c989ed861bb63a1a711b529aab22a8b97b4", "hash": "d001d53c059625c4bcf75bf5a7f3fcf0", "format-version": 4, "code-base-name": "react_frontend", "filename": "react_frontend/package.json", "revision_history": [{"15": "16130c989ed861bb63a1a711b529aab22a8b97b4"}]}