{"is_source_file": true, "format": "JavaScript", "description": "Test setup file for React frontend, configuring custom DOM matchers via jest-dom for testing.", "external_files": ["@testing-library/jest-dom"], "external_methods": ["jest-dom matchers (e.g., toHaveTextContent)"], "published": [], "classes": [], "methods": [], "calls": ["import '@testing-library/jest-dom'"], "search-terms": ["jest-dom", "setupTests.js", "react testing", "testing-library"], "state": 2, "file_id": 6, "knowledge_revision": 25, "git_revision": "16130c989ed861bb63a1a711b529aab22a8b97b4", "ctags": [], "hash": "1a77571e1a8cf36018a41bcedf60db75", "format-version": 4, "code-base-name": "react_frontend", "filename": "react_frontend/src/setupTests.js", "revision_history": [{"25": "16130c989ed861bb63a1a711b529aab22a8b97b4"}]}